transaction_id,user_id,amount,transaction_type,timestamp,time_since_last_transaction,location,device_id,num_failed_logins,account_balance,is_fraud
1,U005,7497.06,withdrawal,2025-01-10T20:53:15,2708,"71.9425,-9.361",D4269,1,27163.95,0
2,U024,19014.78,transfer,2025-01-16T10:16:28,3502,"36.7853,118.1548",D7368,1,47578.78,0
3,U007,14642.56,payment,2025-01-23T15:41:26,7112,"-82.0381,-52.674",D3830,0,42373.65,0
4,U037,11977.18,payment,2025-01-22T20:00:31,1332,"-38.0688,14.4257",D7702,2,45720.4,0
5,U042,3128.81,payment,2025-01-30T23:41:02,201,"54.0258,-122.0056",D7730,2,40706.94,1
6,U003,3128.33,payment,2025-01-24T12:30:34,3507,"-44.6829,-53.2161",D8148,4,5535.03,1
7,U040,1171.09,payment,2025-01-05T13:12:43,6456,"-52.2499,-114.9338",D4697,4,7534.69,0
8,U019,17324.86,payment,2025-01-14T05:15:19,4212,"-69.7784,-92.5694",D9892,0,26378.53,0
9,U002,12026.29,payment,2025-01-18T11:49:15,5032,"-88.9011,4.7955",D3342,0,12378.88,1
10,U026,14164.37,withdrawal,2025-01-20T07:04:21,574,"-22.5239,-153.7684",D8229,3,23887.1,0
11,U024,421.48,transfer,2025-01-01T07:51:51,6387,"-62.3717,-54.123",D3070,4,19778.83,0
12,U045,19398.5,payment,2025-01-07T19:14:18,536,"-38.564,-138.5624",D5825,1,27515.77,1
13,U028,16650.53,withdrawal,2025-01-07T10:24:50,1625,"-45.3492,-96.9798",D7661,2,37369.1,0
14,U018,4254.66,withdrawal,2025-01-04T10:20:00,2122,"21.5745,96.0334",D6832,0,35803.0,0
15,U027,3644.68,transfer,2025-01-23T15:35:30,385,"11.6259,172.5598",D8615,2,26109.58,0
16,U050,3676.26,payment,2025-01-16T16:03:40,3281,"31.5875,-46.2619",D3730,2,41137.43,0
17,U016,6091.8,transfer,2025-01-09T00:30:01,474,"9.7613,-86.8105",D9698,3,21600.02,0
18,U028,10499.88,payment,2025-01-13T20:57:13,417,"59.1587,83.6172",D1373,4,44846.04,1
19,U020,8644.58,withdrawal,2025-01-08T05:15:21,6490,"-76.4237,7.2047",D7840,0,3656.89,0
20,U035,5831.67,withdrawal,2025-01-29T17:55:32,3600,"1.0967,-85.7669",D8426,2,47737.54,0
21,U021,12240.94,withdrawal,2025-01-20T18:49:09,6783,"86.2665,28.5853",D6718,0,32769.18,0
22,U017,2798.48,withdrawal,2025-01-07T04:10:34,5034,"-42.7192,126.4735",D5495,1,19065.72,0
23,U027,5849.97,transfer,2025-01-15T02:38:46,954,"-8.1566,95.6971",D3056,3,9937.99,0
24,U008,7333.57,payment,2025-01-12T21:16:36,4971,"7.9089,-52.4236",D8508,1,24011.24,1
25,U038,9126.84,payment,2025-01-05T07:49:40,4858,"-31.2825,-74.6981",D3798,0,9808.46,0
26,U023,15705.67,transfer,2025-01-23T03:26:05,5298,"33.9418,34.2488",D3596,0,8399.95,1
27,U023,4001.48,payment,2025-01-19T01:48:40,1205,"-28.3204,79.3226",D7768,4,30905.85,1
28,U047,10289.55,withdrawal,2025-01-18T01:08:13,4759,"54.6877,121.2116",D3323,2,26201.93,0
29,U037,11852.37,payment,2025-01-22T10:56:26,4120,"-49.7669,24.5666",D6464,2,33537.79,0
30,U035,938.54,withdrawal,2025-01-24T15:16:42,1990,"-72.2558,-14.1628",D3950,1,46487.33,1
31,U030,12154.82,transfer,2025-01-30T16:40:11,5299,"-82.4819,26.6839",D3200,3,26659.78,0
32,U033,3418.78,payment,2025-01-22T09:23:53,4805,"-55.0211,26.5192",D5362,2,29088.51,0
33,U006,1310.38,transfer,2025-01-02T16:02:55,3572,"71.8009,133.5882",D7318,4,4572.35,0
34,U041,18978.22,payment,2025-01-17T11:00:24,5975,"-3.7435,-99.1511",D8482,1,35910.03,0
35,U036,19312.98,withdrawal,2025-01-10T06:57:09,5280,"-34.9595,27.7002",D3596,1,20055.27,0
36,U016,16169.86,transfer,2025-01-25T05:24:47,6320,"22.8805,-163.9344",D7805,4,48838.59,1
37,U027,6099.23,payment,2025-01-15T07:58:51,4380,"6.4639,-165.7286",D9859,3,41176.38,1
38,U038,1962.47,withdrawal,2025-01-21T06:11:20,4158,"65.5876,-126.383",D5743,4,26171.8,0
39,U005,13687.82,transfer,2025-01-20T05:58:15,5098,"47.1372,96.4118",D6835,3,6248.81,0
40,U032,8808.65,transfer,2025-01-27T22:42:34,4757,"11.0405,-141.4746",D1247,4,42984.85,0
41,U049,2449.54,payment,2025-01-05T11:53:27,2713,"42.5175,-14.5383",D6809,4,40009.08,0
42,U050,9908.59,payment,2025-01-13T01:05:32,2203,"9.2438,-24.2536",D6906,0,9310.8,0
43,U038,697.43,payment,2025-01-28T20:46:41,5588,"85.4784,-89.0855",D4850,1,14834.39,0
44,U010,18187.31,withdrawal,2025-01-05T04:01:55,3120,"-53.2743,132.28",D5979,4,39691.02,0
45,U017,5183.01,payment,2025-01-14T17:16:20,966,"-35.0302,-176.8222",D7914,4,9342.9,1
46,U025,13253.82,transfer,2025-01-24T00:49:01,4944,"-35.381,92.469",D8911,2,45895.85,0
47,U004,6241.1,transfer,2025-01-11T14:27:52,5203,"20.2504,137.8018",D9694,1,21283.92,0
48,U042,10406.16,payment,2025-01-09T08:04:16,3432,"-19.3717,-19.59",D4823,2,4443.24,0
49,U016,10938.74,payment,2025-01-14T02:43:04,688,"89.616,-95.125",D2422,1,40805.86,1
50,U011,3705.24,transfer,2025-01-21T17:38:11,4243,"67.2694,-12.1149",D3104,2,18738.13,0
51,U021,19392.0,withdrawal,2025-01-06T03:56:15,3701,"80.7,-151.4501",D6191,4,26372.31,0
52,U042,15504.91,payment,2025-01-29T04:15:37,341,"-39.6752,179.3856",D6662,4,5703.99,0
53,U047,18790.58,payment,2025-01-18T22:51:52,6619,"-80.1927,139.4987",D9008,0,228.94,1
54,U045,17897.6,transfer,2025-01-09T12:57:53,5182,"-13.8964,-11.3446",D5857,2,31935.46,0
55,U008,11962.02,payment,2025-01-28T23:56:15,1724,"73.2384,-62.5144",D3249,3,25807.24,0
56,U019,18438.27,withdrawal,2025-01-03T12:12:03,5479,"-39.1946,94.9651",D4240,0,29717.57,0
57,U049,1778.97,transfer,2025-01-08T16:42:07,6704,"-87.4101,-82.4029",D8519,2,39707.82,0
58,U008,3927.7,payment,2025-01-11T15:04:27,4422,"-30.8788,113.001",D5622,2,32365.64,0
59,U046,914.09,transfer,2025-01-17T02:24:50,1792,"-66.6405,175.1767",D2031,0,8821.19,1
60,U011,6513.35,payment,2025-01-22T14:52:36,1759,"-68.0317,100.3004",D4407,4,18102.55,0
61,U036,7779.66,payment,2025-01-13T04:48:12,3212,"-83.1759,-157.0538",D9948,2,45303.97,0
62,U042,5434.27,payment,2025-01-18T19:37:19,989,"-14.5814,-101.1937",D5036,4,38520.24,0
63,U047,16576.46,withdrawal,2025-01-02T22:19:16,2262,"38.8441,-19.2735",D1218,0,27876.19,1
64,U023,7141.5,withdrawal,2025-01-05T23:59:15,2482,"88.2277,-51.3768",D9860,4,12856.69,0
65,U029,5625.88,transfer,2025-01-03T02:25:01,951,"20.7462,120.1963",D5105,1,15172.82,0
66,U048,10858.49,payment,2025-01-19T05:29:34,722,"27.0035,82.9462",D2460,3,36624.71,1
67,U004,2827.08,payment,2025-01-02T16:36:12,3389,"36.4912,121.8173",D9337,2,42573.6,1
68,U032,16045.92,withdrawal,2025-01-25T12:12:05,2079,"12.1873,112.0637",D8014,3,33604.09,0
69,U017,1500.27,payment,2025-01-11T02:04:44,2717,"-68.2886,-125.8668",D8305,4,40495.55,0
70,U042,19737.87,withdrawal,2025-01-11T03:32:21,2332,"74.238,39.1145",D4616,2,38356.14,1
71,U032,15447.17,payment,2025-01-02T15:08:59,3376,"-81.8489,106.8764",D9633,4,7570.23,0
72,U008,3982.33,transfer,2025-01-20T11:37:39,4524,"-19.1159,129.2649",D7510,1,21254.85,1
73,U009,120.39,payment,2025-01-10T07:32:01,1500,"-25.0136,-131.1198",D4305,0,7733.89,1
74,U033,16311.07,payment,2025-01-26T19:38:18,285,"48.0822,18.7726",D3306,2,11838.26,0
75,U048,14140.08,withdrawal,2025-01-16T10:44:07,3495,"-48.5434,-109.8842",D3182,1,43476.06,0
76,U014,14582.85,payment,2025-01-23T16:30:34,7186,"49.1774,-7.3217",D8422,1,23697.31,0
77,U050,15427.69,payment,2025-01-05T21:23:48,2065,"-54.9648,-141.2259",D4312,2,26814.37,0
78,U002,1490.15,withdrawal,2025-01-11T23:30:31,768,"48.5206,179.7692",D6709,4,9004.45,0
79,U039,7175.73,transfer,2025-01-19T14:45:42,6733,"-5.2981,-30.6612",D9213,1,15682.36,1
80,U020,2326.22,transfer,2025-01-20T17:33:38,5490,"-14.7364,-81.5311",D9939,3,11589.28,0
81,U031,17263.44,withdrawal,2025-01-23T01:24:39,3057,"61.6183,93.6802",D9472,1,10388.69,1
82,U001,12469.73,withdrawal,2025-01-12T07:30:19,4289,"9.6095,-95.1",D7081,4,31934.24,0
83,U048,6624.65,withdrawal,2025-01-12T04:10:47,6645,"55.5809,-109.173",D1417,4,12918.5,0
84,U035,1280.53,withdrawal,2025-01-13T18:32:55,5083,"-36.8162,-90.6536",D4782,3,31637.57,0
85,U042,6226.54,withdrawal,2025-01-13T19:15:11,5232,"-50.8826,76.32",D9392,1,3016.89,0
86,U036,6510.41,transfer,2025-01-11T12:32:14,2161,"49.154,-80.0752",D5280,4,7174.54,0
87,U012,14594.83,transfer,2025-01-19T11:10:17,3293,"80.459,142.6228",D6895,2,13799.56,0
88,U027,12754.77,withdrawal,2025-01-11T17:53:24,5797,"58.5336,97.1389",D5841,0,29892.64,1
89,U029,17745.38,payment,2025-01-14T12:49:10,946,"-38.3254,-134.1087",D3399,0,33824.48,0
90,U016,9449.58,withdrawal,2025-01-27T19:55:44,4926,"-79.9237,-38.5279",D3233,0,22191.58,0
91,U008,2400.69,payment,2025-01-11T22:13:09,6016,"78.9695,179.3407",D4278,1,22344.97,0
92,U045,14267.76,withdrawal,2025-01-25T05:40:38,3335,"47.91,-44.2047",D5934,3,36253.39,0
93,U030,15218.09,withdrawal,2025-01-07T18:31:30,7068,"67.7965,117.3962",D8959,4,889.47,0
94,U021,11229.93,transfer,2025-01-23T02:08:03,4150,"-24.6071,33.9854",D3823,2,17120.39,0
95,U010,15421.63,payment,2025-01-01T19:51:12,4895,"15.0484,-62.3947",D1652,2,40953.48,0
96,U010,9880.97,payment,2025-01-19T21:04:11,4873,"-23.4945,-87.17",D3245,1,30200.65,0
97,U015,10459.43,transfer,2025-01-20T01:31:20,1481,"18.9846,-1.9587",D7251,0,16927.63,0
98,U012,8556.54,transfer,2025-01-12T21:44:55,1901,"42.8782,125.0521",D9847,1,45285.69,1
99,U019,518.13,transfer,2025-01-10T09:51:41,6305,"-31.1379,-10.624",D4302,3,38653.87,0
100,U049,2166.75,transfer,2025-01-20T11:50:30,3451,"47.5239,-90.6672",D1205,3,13318.28,0
101,U040,638.27,payment,2025-01-09T08:45:17,4064,"78.1405,-146.1754",D7342,4,32299.96,0
102,U046,12731.84,payment,2025-01-18T10:59:46,6230,"47.5108,-69.976",D5679,4,29827.96,0
103,U028,6293.98,withdrawal,2025-01-28T08:13:06,54,"-15.2601,89.945",D5167,3,20119.28,1
104,U010,10176.33,withdrawal,2025-01-15T09:43:32,1823,"-77.3899,23.8967",D6337,3,18411.11,0
105,U048,18152.25,transfer,2025-01-24T22:03:32,5297,"85.787,175.6048",D5222,3,17243.67,0
106,U013,4993.35,transfer,2025-01-26T08:51:20,3462,"-75.1521,163.2447",D4013,1,30896.07,0
107,U026,8213.55,transfer,2025-01-10T09:44:55,3079,"-73.5944,-167.6092",D8993,3,22176.26,0
108,U033,15113.47,withdrawal,2025-01-23T06:23:12,832,"89.11,15.5302",D7124,2,41609.97,0
109,U046,4583.68,withdrawal,2025-01-05T09:11:44,4408,"-4.9406,-177.6827",D6949,0,33513.17,0
110,U011,1548.83,withdrawal,2025-01-06T04:52:07,2806,"53.8886,26.3644",D8954,3,3589.59,1
111,U030,5802.13,withdrawal,2025-01-18T00:59:00,5954,"13.4781,-78.9288",D6672,0,32044.39,0
112,U036,3232.81,withdrawal,2025-01-26T06:15:22,6103,"-83.1368,-169.8918",D4854,1,13630.26,0
113,U050,18594.66,withdrawal,2025-01-04T20:44:38,6102,"-43.0219,167.9906",D7810,0,29681.32,0
114,U034,16164.33,withdrawal,2025-01-30T07:54:22,2490,"65.6153,146.7972",D9642,1,34038.58,0
115,U017,12671.74,transfer,2025-01-30T13:28:09,5886,"86.4258,61.8245",D1601,2,11618.38,0
116,U001,17430.5,transfer,2025-01-22T16:53:45,327,"19.4367,149.6628",D4413,1,22897.25,0
117,U035,16075.4,transfer,2025-01-19T02:39:27,6904,"-45.4076,-137.4553",D6320,1,9597.21,1
118,U008,3739.54,transfer,2025-01-16T04:02:06,3310,"25.2493,-87.8714",D9254,4,2711.71,0
119,U027,17852.25,withdrawal,2025-01-05T17:29:23,3300,"-34.2467,6.4369",D4267,3,18985.97,1
120,U045,10791.45,payment,2025-01-16T05:00:32,6722,"8.6774,-129.0811",D3391,3,18210.92,1
121,U028,16150.73,withdrawal,2025-01-18T08:00:25,3675,"31.5165,31.8152",D7520,2,49774.48,1
122,U022,17922.87,payment,2025-01-11T10:51:08,3054,"-68.6122,164.4056",D8991,2,22372.98,0
123,U031,6366.89,transfer,2025-01-12T06:51:15,5383,"6.4144,-128.8782",D4460,3,16745.12,0
124,U005,2209.94,withdrawal,2025-01-28T09:25:20,2143,"80.898,-111.8094",D3250,4,29065.7,0
125,U042,4566.42,transfer,2025-01-23T16:49:04,5207,"52.684,42.125",D3823,3,4529.49,1
126,U023,8547.88,withdrawal,2025-01-23T16:44:12,1311,"26.7779,-8.2127",D5747,4,48087.12,0
127,U029,16362.12,transfer,2025-01-11T17:58:23,3191,"-57.4524,84.8749",D2464,2,31784.51,0
128,U001,17216.0,payment,2025-01-30T03:07:21,6957,"39.9032,146.9378",D8400,0,37766.41,0
129,U024,148.97,payment,2025-01-14T11:18:07,2538,"-14.9618,-143.954",D2863,2,8606.85,0
130,U048,10219.84,payment,2025-01-29T13:34:15,3983,"-76.738,109.8716",D4491,2,20532.94,1
131,U028,8354.05,withdrawal,2025-01-20T19:03:08,4547,"56.7366,-149.4253",D9150,1,21192.19,1
132,U016,4449.94,payment,2025-01-27T11:45:58,5619,"-54.6637,67.0174",D5441,1,41108.14,0
133,U006,2406.11,withdrawal,2025-01-28T04:42:34,164,"38.5438,160.4636",D4207,1,161.71,0
134,U020,6758.93,payment,2025-01-23T10:26:01,4277,"-67.012,-104.0759",D1134,1,15112.57,0
135,U033,18858.76,payment,2025-01-20T09:02:39,6612,"-68.1604,-69.8504",D7334,4,49063.7,0
136,U018,6470.83,withdrawal,2025-01-03T11:02:59,5005,"-44.2098,-97.3943",D5487,3,23796.84,0
137,U019,10380.62,withdrawal,2025-01-18T15:32:37,6878,"19.134,29.3901",D4533,0,19188.06,1
138,U040,14063.35,payment,2025-01-26T18:00:47,822,"47.8289,159.4772",D7618,2,6079.47,0
139,U035,7278.96,withdrawal,2025-01-04T19:02:43,943,"0.5108,-35.0416",D2264,4,48710.81,0
140,U016,19435.92,payment,2025-01-16T20:49:16,6097,"26.4407,56.6271",D6961,0,1099.32,1
141,U005,19249.32,withdrawal,2025-01-28T07:52:25,6150,"-24.3005,141.3748",D1030,4,36885.29,0
142,U028,5043.13,transfer,2025-01-13T12:48:57,4425,"35.0968,22.7698",D8243,4,38453.13,0
143,U004,9950.0,transfer,2025-01-25T12:18:37,774,"76.1824,-29.2429",D4875,2,12258.47,1
144,U047,6024.56,transfer,2025-01-19T13:56:32,2198,"73.3015,177.0654",D5380,3,33610.77,0
145,U037,5703.96,transfer,2025-01-22T16:33:07,3156,"-14.0555,-121.6697",D7429,1,4737.16,1
146,U042,747.37,transfer,2025-01-06T11:25:13,4242,"-7.4384,-80.3801",D3127,3,12926.66,1
147,U044,12195.19,payment,2025-01-30T12:01:38,3695,"-65.7558,-56.1062",D9726,2,39416.31,1
148,U003,10058.55,transfer,2025-01-12T19:48:19,3452,"40.7302,105.3542",D5878,2,43247.84,0
149,U004,1039.06,transfer,2025-01-13T01:17:43,914,"11.8056,104.5594",D4070,2,30463.47,0
150,U014,5580.14,transfer,2025-01-16T22:07:27,5667,"33.7488,175.4655",D3519,0,25391.24,0
151,U007,18166.24,transfer,2025-01-04T04:16:42,1308,"-25.9564,-179.1104",D1901,3,8049.27,1
152,U006,4798.84,withdrawal,2025-01-13T03:42:33,6843,"-81.625,111.1404",D6278,3,3249.14,1
153,U041,2906.45,payment,2025-01-09T18:25:21,4177,"3.816,-29.0762",D7542,4,5970.69,0
154,U011,9794.16,transfer,2025-01-06T01:55:50,513,"56.0199,-75.6103",D5240,4,11445.13,0
155,U042,19713.15,transfer,2025-01-12T18:51:30,1920,"-40.3299,-153.2698",D3609,4,17149.56,0
156,U043,4848.68,transfer,2025-01-28T09:47:45,6958,"36.6088,172.9554",D3225,2,19107.39,0
157,U022,13445.99,payment,2025-01-21T11:22:38,6852,"-67.1085,134.7462",D7713,3,17381.46,0
158,U044,15234.78,withdrawal,2025-01-14T11:35:06,6035,"-49.07,104.628",D7377,2,12028.86,0
159,U015,4760.37,payment,2025-01-04T16:48:27,3594,"-17.1568,-95.6163",D3600,0,25535.24,1
160,U025,14567.04,withdrawal,2025-01-25T03:01:40,4841,"31.657,-116.1399",D3433,4,41281.78,0
161,U021,7361.98,transfer,2025-01-05T11:41:52,7166,"-31.7241,-7.4213",D2885,2,14057.21,0
162,U027,12649.79,transfer,2025-01-08T18:43:03,1409,"-45.4623,-90.7389",D9026,2,47125.11,0
163,U045,12674.26,payment,2025-01-08T21:29:31,4802,"-20.5633,-129.0375",D2943,0,43679.5,0
164,U042,10720.14,payment,2025-01-14T17:24:10,4566,"15.9506,44.1121",D3369,1,8172.03,0
165,U046,1814.89,withdrawal,2025-01-02T02:12:06,3190,"-72.3265,-178.4507",D3071,3,39335.17,0
166,U021,16707.7,withdrawal,2025-01-04T18:47:52,4491,"82.131,-59.8896",D6147,1,28771.91,1
167,U021,6422.39,payment,2025-01-05T20:54:29,1555,"-85.0866,-125.8475",D5913,4,28372.11,1
168,U009,3738.51,withdrawal,2025-01-12T10:56:18,6404,"-88.102,29.8625",D5036,2,19613.03,0
169,U046,825.1,payment,2025-01-24T12:16:59,804,"83.833,19.8991",D4698,0,25107.53,0
170,U015,11821.95,withdrawal,2025-01-21T07:16:22,5029,"-15.4686,-122.4299",D4212,0,19919.22,0
171,U028,13554.51,payment,2025-01-26T04:51:29,1279,"8.9034,-67.8088",D6792,3,27032.66,0
172,U031,341.59,payment,2025-01-15T01:10:34,5853,"1.8336,163.7328",D2196,1,31434.71,0
173,U031,10246.74,payment,2025-01-14T14:36:14,5000,"-31.0598,9.548",D5635,3,33747.76,0
174,U030,4537.65,withdrawal,2025-01-18T09:38:01,5172,"70.2986,47.1156",D4838,2,26670.81,0
175,U029,12907.0,withdrawal,2025-01-16T21:46:01,7083,"-13.0482,34.2303",D2708,3,36098.96,0
176,U010,3495.58,withdrawal,2025-01-26T00:42:02,5986,"-22.3246,-167.4368",D4733,0,7149.77,0
177,U048,13821.85,payment,2025-01-25T20:35:53,5619,"-29.3735,-41.145",D2329,0,10677.93,1
178,U018,7740.84,withdrawal,2025-01-11T17:29:55,3577,"-38.898,-115.4616",D6124,4,40954.88,0
179,U030,18735.23,withdrawal,2025-01-18T22:04:03,2901,"32.5771,36.3497",D4577,4,16194.15,0
180,U031,2759.04,payment,2025-01-17T21:14:23,1387,"48.2579,115.9135",D3945,2,1242.4,0
181,U001,6827.92,transfer,2025-01-19T11:52:56,5399,"-23.2371,-35.8869",D3873,1,7774.18,1
182,U025,2278.34,payment,2025-01-03T13:57:55,4688,"-88.8637,163.9783",D5354,3,11258.36,0
183,U020,18494.63,withdrawal,2025-01-05T23:02:03,2761,"-50.4552,-163.15",D7680,2,47870.41,0
184,U008,17548.01,payment,2025-01-07T16:55:06,2679,"-50.9753,-156.2365",D3232,4,28694.77,0
185,U041,5166.25,transfer,2025-01-04T20:46:05,2106,"18.0864,-106.982",D1257,3,46643.26,1
186,U003,13203.08,payment,2025-01-28T13:20:57,4223,"81.5365,36.1617",D1447,4,28800.65,0
187,U005,16346.27,withdrawal,2025-01-01T04:13:58,4831,"53.5591,98.3427",D9202,3,24019.79,1
188,U039,11108.46,transfer,2025-01-15T21:59:34,2768,"-20.9719,55.0474",D1072,1,15755.01,1
189,U032,10597.72,withdrawal,2025-01-14T02:47:19,3953,"80.9891,-24.9615",D2917,2,30357.91,0
190,U045,4844.63,transfer,2025-01-21T05:01:16,3186,"-50.3412,-92.6908",D9878,3,7045.98,1
191,U008,1871.12,transfer,2025-01-15T02:30:54,3280,"-3.4529,-148.146",D3293,0,44923.26,0
192,U038,17945.34,payment,2025-01-18T15:02:44,2573,"-34.4807,-61.8401",D2380,0,41483.69,1
193,U019,18009.36,payment,2025-01-01T17:59:24,4616,"18.9416,176.5247",D9892,3,15944.82,0
194,U033,12665.7,withdrawal,2025-01-22T15:08:26,2599,"56.0825,40.7091",D5839,3,47644.6,1
195,U009,6787.21,payment,2025-01-06T01:38:45,4033,"-17.5307,30.7018",D8457,3,41277.52,0
196,U044,6990.7,payment,2025-01-16T01:14:13,236,"13.6329,36.2714",D4720,0,33348.71,0
197,U042,14521.85,transfer,2025-01-26T05:13:34,1304,"6.5828,-110.592",D9910,0,6175.92,0
198,U014,17943.23,payment,2025-01-08T08:00:51,3430,"67.5897,-37.2321",D5436,3,23963.88,0
199,U010,17742.86,transfer,2025-01-07T05:50:36,5877,"-44.0978,-1.8845",D3294,4,25354.77,0
200,U021,15599.71,transfer,2025-01-27T00:22:36,1301,"81.7784,-15.0806",D2833,4,11704.31,0
201,U047,12844.21,transfer,2025-01-09T06:50:00,2541,"-5.9865,-9.8949",D8277,1,4090.27,0
202,U010,1691.96,withdrawal,2025-01-20T08:46:10,2051,"-37.4112,74.778",D3086,2,38858.51,0
203,U035,3240.96,withdrawal,2025-01-28T02:34:44,6809,"47.9832,114.2141",D4189,4,6189.55,1
204,U010,17972.1,withdrawal,2025-01-13T17:55:58,441,"-36.3564,134.4421",D4775,0,29755.11,0
205,U033,12132.52,transfer,2025-01-14T09:49:28,2076,"18.578,-107.6657",D9364,4,46828.81,0
206,U049,193.85,withdrawal,2025-01-09T21:05:30,3180,"-86.9415,-34.6469",D2146,1,43817.65,0
207,U014,2038.42,withdrawal,2025-01-28T14:15:45,2657,"-7.6059,-91.0112",D2585,1,13959.86,0
208,U004,13273.4,payment,2025-01-14T19:13:37,3798,"-79.5362,-42.6608",D8415,2,42587.29,1
209,U003,111.18,withdrawal,2025-01-02T10:42:36,804,"7.753,85.2978",D5391,4,116.59,0
210,U045,3224.55,withdrawal,2025-01-17T08:43:47,74,"-46.7248,11.5393",D6871,0,982.62,0
211,U050,10979.19,transfer,2025-01-14T07:57:20,6981,"-64.9809,-141.9091",D7506,0,30167.4,1
212,U031,13840.99,transfer,2025-01-07T08:24:39,2175,"-74.0887,-165.8279",D2455,3,18303.43,1
213,U018,13042.71,transfer,2025-01-06T09:52:27,3924,"-60.2024,159.3194",D4683,0,19384.4,0
214,U047,4493.14,transfer,2025-01-14T06:31:43,2089,"-58.6302,-21.6224",D5391,2,28265.61,1
215,U015,14246.46,transfer,2025-01-26T12:42:28,5475,"20.4536,-157.7566",D3661,2,9669.94,1
216,U024,4752.61,transfer,2025-01-26T06:42:17,40,"-30.9529,30.536",D7806,0,10666.59,0
217,U039,6514.74,withdrawal,2025-01-05T22:08:58,7077,"-8.6487,-94.6083",D7069,0,24281.62,0
218,U039,14932.36,transfer,2025-01-25T19:01:53,2081,"69.3575,2.2453",D1311,3,37737.25,0
219,U030,12996.16,transfer,2025-01-27T03:26:04,7184,"78.5467,-120.3065",D2212,0,31012.94,0
220,U001,16985.98,payment,2025-01-09T10:31:28,5796,"-39.3663,-66.7218",D7371,3,14938.02,0
221,U025,13155.68,withdrawal,2025-01-12T16:26:27,7141,"2.8265,111.3542",D1020,3,21573.83,0
222,U020,11370.49,withdrawal,2025-01-26T23:21:00,5497,"41.3479,-164.8036",D1922,0,8616.17,0
223,U021,1882.56,withdrawal,2025-01-27T03:57:38,4683,"60.2246,-17.84",D7083,1,3824.03,0
224,U043,7360.64,transfer,2025-01-28T16:13:12,1622,"26.5724,-38.988",D7758,1,39156.53,0
225,U010,5311.4,transfer,2025-01-10T06:35:55,341,"37.504,28.9756",D9449,3,13342.83,0
226,U036,4887.35,transfer,2025-01-11T10:30:34,4052,"-48.3806,-63.784",D7779,0,8970.54,0
227,U022,19460.48,payment,2025-01-02T07:29:57,2074,"-73.2426,-168.7801",D8186,1,34611.74,0
228,U048,7868.02,transfer,2025-01-24T07:22:18,645,"-61.9818,42.3031",D2453,0,30940.78,0
229,U025,17842.01,payment,2025-01-24T14:06:46,4826,"34.2529,-53.6568",D5265,0,31696.16,1
230,U043,12626.46,withdrawal,2025-01-30T23:44:02,4263,"-28.608,172.1917",D7264,0,11521.84,0
231,U043,15898.28,transfer,2025-01-26T03:15:03,609,"34.8312,27.9127",D9444,4,11709.01,0
232,U018,10057.72,payment,2025-01-30T17:07:58,6411,"-60.4061,-152.8095",D5443,0,11118.05,0
233,U010,11542.31,payment,2025-01-25T14:48:25,5868,"-14.2352,-58.0255",D4308,4,8770.25,0
234,U013,9855.43,transfer,2025-01-08T11:34:33,6136,"85.9137,-28.5338",D5595,3,32820.61,0
235,U032,3912.91,withdrawal,2025-01-16T09:45:41,6964,"-5.7445,-149.1718",D1492,1,42415.99,1
236,U028,14451.82,withdrawal,2025-01-11T01:14:35,454,"53.032,100.4215",D8200,1,36243.44,1
237,U038,5622.64,withdrawal,2025-01-13T01:06:48,2953,"-88.2427,-104.1163",D4737,1,39625.47,0
238,U035,496.08,payment,2025-01-28T14:21:50,1708,"-89.7433,-156.3507",D4704,1,20299.44,0
239,U016,12912.99,payment,2025-01-27T00:00:39,3472,"53.9051,152.7718",D6667,1,32738.38,1
240,U048,3550.44,payment,2025-01-01T21:40:12,2969,"-30.3646,116.2397",D1441,1,17776.39,0
241,U032,18809.77,payment,2025-01-02T18:29:35,3028,"38.8249,178.575",D8457,1,26322.68,0
242,U047,19079.03,withdrawal,2025-01-20T16:30:06,4797,"-65.104,150.8948",D5769,3,24133.58,1
243,U001,18298.14,transfer,2025-01-29T04:55:49,2681,"29.2838,117.9025",D7017,0,8926.67,0
244,U032,7409.47,payment,2025-01-15T14:26:53,3629,"30.5702,-34.8911",D6319,2,19415.23,0
245,U027,318.98,payment,2025-01-27T07:22:10,5695,"-35.2763,14.2253",D9255,4,48194.73,0
246,U039,18567.09,withdrawal,2025-01-08T20:15:44,4225,"44.3805,166.6648",D4162,2,12504.15,1
247,U028,8569.4,transfer,2025-01-28T10:06:17,3067,"16.7812,139.9216",D2348,2,6776.81,0
248,U008,19333.43,transfer,2025-01-02T19:41:11,5941,"-81.0259,40.2105",D1377,0,20987.17,0
249,U039,19272.76,withdrawal,2025-01-20T14:02:09,1386,"27.9071,30.7339",D7989,0,39537.85,0
250,U034,17061.66,withdrawal,2025-01-23T00:05:16,3776,"58.348,91.0241",D6709,0,29149.2,0
251,U018,5896.03,transfer,2025-01-29T00:20:56,2866,"65.83,-114.9546",D4109,1,34080.64,0
252,U040,7708.1,payment,2025-01-29T04:28:16,4788,"5.4335,-173.2181",D4866,3,9565.77,0
253,U042,17024.22,transfer,2025-01-17T19:57:53,3363,"-71.5697,-102.9764",D9125,1,30985.51,0
254,U001,6345.27,withdrawal,2025-01-09T08:00:33,5490,"16.0415,140.5957",D3549,3,16242.67,0
255,U025,3398.16,payment,2025-01-11T06:22:31,4889,"56.2655,-136.4544",D3275,3,41731.74,1
256,U029,11140.46,payment,2025-01-22T21:47:15,4124,"12.8564,173.1469",D8051,2,31502.01,0
257,U044,18723.73,withdrawal,2025-01-08T18:20:34,148,"-18.0375,-9.8965",D7936,2,10022.93,1
258,U024,13923.64,withdrawal,2025-01-07T07:36:55,3850,"27.1441,-83.6261",D7271,3,3324.37,0
259,U045,11405.52,withdrawal,2025-01-03T20:40:14,5415,"-77.7218,-50.8248",D1785,3,2227.4,0
260,U031,1952.56,transfer,2025-01-21T03:03:53,2058,"-21.8646,57.6314",D8237,1,18633.29,0
261,U039,12303.99,transfer,2025-01-02T01:34:03,6819,"68.6662,109.0927",D4396,1,13365.97,1
262,U027,19801.18,payment,2025-01-11T03:50:09,1136,"-76.4754,-143.6482",D5383,2,32339.9,0
263,U034,2810.28,withdrawal,2025-01-05T11:47:53,186,"-32.7831,-93.378",D4161,0,25016.76,0
264,U004,10371.41,payment,2025-01-30T00:11:04,2854,"-39.9002,-94.3833",D2144,3,13374.36,0
265,U046,17548.69,payment,2025-01-23T08:56:40,6887,"-1.9604,-108.1167",D7333,1,7546.97,0
266,U038,14817.96,payment,2025-01-17T02:08:35,1250,"33.9743,17.3111",D6317,2,6447.27,0
267,U029,13943.34,payment,2025-01-09T02:02:50,1333,"68.5609,-46.0015",D5644,1,43246.55,1
268,U013,14052.66,withdrawal,2025-01-09T01:39:31,4193,"48.6806,-158.1407",D5793,3,12249.55,0
269,U024,7196.23,payment,2025-01-12T10:12:58,4150,"-30.0975,-16.657",D6939,3,32620.36,1
270,U017,5878.9,withdrawal,2025-01-30T10:10:52,6766,"53.4354,-154.9671",D8065,4,40553.23,0
271,U020,16189.13,withdrawal,2025-01-29T05:08:13,2711,"-37.775,-158.9769",D6298,0,30742.66,0
272,U042,16204.17,transfer,2025-01-22T13:44:45,4853,"72.1206,124.311",D1179,4,42992.31,0
273,U040,17342.78,withdrawal,2025-01-24T16:59:52,4501,"-82.3688,-69.5695",D1480,2,19680.45,0
274,U034,18265.68,transfer,2025-01-04T16:49:56,6212,"12.6295,-95.829",D6838,1,47815.49,1
275,U017,10231.73,withdrawal,2025-01-13T06:14:53,5408,"47.6769,-9.1116",D1620,2,6743.94,1
276,U032,10035.31,withdrawal,2025-01-23T04:50:25,1785,"-22.2802,171.5549",D4065,3,5197.26,0
277,U026,15967.92,withdrawal,2025-01-29T20:43:56,750,"-16.6311,52.9558",D7136,4,32968.74,0
278,U011,13002.78,transfer,2025-01-16T01:15:12,1762,"49.6021,-88.4423",D4979,4,47147.27,0
279,U027,14042.32,transfer,2025-01-08T17:33:06,3920,"-54.3566,-177.4908",D2337,4,40463.28,1
280,U033,15917.9,payment,2025-01-28T00:18:11,7101,"13.6891,-146.9054",D9289,2,3913.2,0
281,U021,17801.21,transfer,2025-01-16T04:53:30,4460,"-2.3593,35.7868",D9223,3,14040.45,0
282,U019,6766.52,transfer,2025-01-24T02:42:45,6122,"60.1903,130.0609",D9367,1,46522.91,1
283,U024,7517.9,transfer,2025-01-26T02:40:11,481,"-14.5462,-1.308",D3106,1,12727.62,0
284,U006,1888.7,transfer,2025-01-05T18:38:17,6344,"-81.8598,-39.7613",D3761,2,39080.4,0
285,U033,11569.82,payment,2025-01-20T01:11:48,153,"89.2207,137.4965",D1142,4,41274.1,0
286,U024,728.49,transfer,2025-01-10T19:53:36,1524,"-32.4005,123.4224",D4582,0,24823.06,1
287,U049,9317.3,withdrawal,2025-01-19T12:21:32,2120,"-31.0403,77.4844",D8071,2,19378.81,0
288,U040,10857.47,withdrawal,2025-01-25T20:18:05,6856,"66.9945,47.4212",D6916,2,22561.21,0
289,U028,5737.96,transfer,2025-01-24T14:17:42,2343,"52.415,-73.8352",D9841,3,11425.54,0
290,U028,11820.76,transfer,2025-01-02T18:32:55,5136,"17.4349,59.6201",D6562,1,44480.61,0
291,U005,619.7,withdrawal,2025-01-13T17:00:25,5760,"57.4118,20.983",D5783,2,22585.92,0
292,U026,756.59,withdrawal,2025-01-29T11:33:34,1240,"-34.2514,-50.0706",D5998,2,44134.73,0
293,U020,16453.79,payment,2025-01-02T18:24:40,60,"-19.9132,-27.1366",D8921,4,5374.1,0
294,U024,7210.21,withdrawal,2025-01-18T21:51:15,938,"-16.6995,118.086",D8830,4,49414.94,0
295,U008,2549.94,withdrawal,2025-01-07T22:46:04,1639,"-53.8895,77.3065",D3391,0,22219.33,0
296,U039,10449.64,transfer,2025-01-01T23:30:05,6185,"69.6814,54.0929",D1751,3,2486.76,0
297,U024,15402.17,withdrawal,2025-01-07T23:19:39,4120,"56.2042,-159.0422",D7689,0,1997.29,1
298,U025,4324.26,payment,2025-01-03T06:53:13,5158,"42.6119,168.8098",D5872,4,37335.74,0
299,U010,12461.58,withdrawal,2025-01-10T20:24:12,4226,"87.4915,140.6222",D7421,1,32985.87,1
300,U030,1716.1,transfer,2025-01-23T03:54:08,3569,"5.0494,178.5959",D6352,4,40126.31,1
301,U002,1043.12,transfer,2025-01-04T07:13:12,1252,"23.216,165.4596",D5148,3,5357.84,0
302,U029,10631.78,withdrawal,2025-01-19T19:28:49,4203,"-35.6941,-164.1408",D4500,4,1874.99,0
303,U004,10817.3,transfer,2025-01-13T04:19:38,171,"-56.6382,135.6951",D8675,3,25478.11,0
304,U044,12752.22,payment,2025-01-07T18:23:01,1458,"25.6831,-81.2648",D4434,3,19441.0,0
305,U030,14524.57,payment,2025-01-23T03:18:36,3549,"15.231,113.3967",D8489,3,23151.15,0
306,U049,19517.28,withdrawal,2025-01-28T18:59:27,4197,"75.2126,-58.259",D7160,3,49580.26,0
307,U037,10330.84,withdrawal,2025-01-16T18:39:09,7009,"-63.6547,-53.5249",D5167,3,48540.42,0
308,U044,6465.9,withdrawal,2025-01-29T18:39:48,6667,"-5.3906,-41.3876",D4906,1,47121.54,1
309,U048,15905.77,transfer,2025-01-21T02:50:25,2322,"83.1672,-62.5304",D4668,0,39213.75,0
310,U005,5423.94,payment,2025-01-28T02:44:17,1636,"22.9495,122.8983",D3765,2,17806.58,1
311,U048,8785.04,payment,2025-01-11T19:33:54,3115,"-0.4868,64.7623",D4403,0,20665.33,0
312,U018,1578.34,transfer,2025-01-08T02:18:17,4090,"-60.0812,-82.6544",D6600,3,27525.84,1
313,U012,516.76,payment,2025-01-03T23:26:59,6960,"65.963,-131.1633",D1791,1,41543.67,0
314,U039,19253.34,withdrawal,2025-01-15T14:36:13,3004,"68.1368,-125.8978",D8906,4,3528.77,0
315,U020,16721.24,withdrawal,2025-01-26T02:46:36,5136,"41.1836,-124.8528",D9164,1,21272.41,0
316,U001,13922.52,withdrawal,2025-01-24T15:17:13,329,"88.4165,27.575",D8704,3,4222.62,0
317,U008,8184.97,payment,2025-01-05T15:14:47,3640,"55.9599,-86.5323",D4203,1,25781.41,0
318,U008,3474.15,withdrawal,2025-01-13T12:17:15,3894,"19.8446,-178.5871",D8235,1,44955.15,1
319,U030,3137.18,transfer,2025-01-17T09:46:04,5616,"-61.7,-37.1625",D4858,3,39146.0,0
320,U026,5012.36,transfer,2025-01-19T11:46:34,4107,"21.9638,-139.106",D4787,1,11469.34,0
321,U003,10989.04,payment,2025-01-01T17:35:33,1341,"-71.2527,-178.488",D1625,2,48801.94,0
322,U023,14294.77,transfer,2025-01-19T08:39:11,3663,"73.7323,57.7652",D4569,2,33400.78,1
323,U006,13207.35,transfer,2025-01-29T14:45:28,215,"-58.4053,11.9829",D1310,1,620.34,0
324,U036,5605.88,payment,2025-01-18T03:36:05,338,"35.7803,142.7397",D5254,4,12845.13,0
325,U042,19097.76,withdrawal,2025-01-10T07:38:49,5895,"44.5985,-24.6683",D6700,3,13109.59,0
326,U034,14760.56,withdrawal,2025-01-18T14:47:54,4062,"32.8348,-114.9566",D9441,2,3555.79,0
327,U034,11091.54,withdrawal,2025-01-19T03:38:37,2708,"-61.5209,-131.6996",D5207,4,47995.34,0
328,U038,12238.3,payment,2025-01-18T05:56:49,3152,"58.875,-98.829",D9917,1,23964.94,1
329,U040,8397.81,transfer,2025-01-03T00:32:58,1750,"83.8813,0.3478",D1184,4,44801.15,0
330,U041,4962.14,withdrawal,2025-01-01T10:16:44,5604,"12.3108,75.1783",D8855,0,16178.55,1
331,U045,7125.89,withdrawal,2025-01-16T18:39:48,2421,"69.0369,167.888",D3630,2,6349.16,0
332,U046,15159.34,payment,2025-01-24T20:27:04,7119,"55.7536,-105.3086",D8440,1,23769.37,0
333,U046,297.73,withdrawal,2025-01-26T00:46:39,709,"87.8873,-65.7687",D6234,3,5786.44,1
334,U028,2330.29,payment,2025-01-22T22:52:26,5319,"-58.4774,-153.0067",D7119,1,24352.17,0
335,U025,929.59,transfer,2025-01-09T11:02:43,6609,"-84.7297,-65.2709",D3658,3,46022.83,1
336,U050,824.17,payment,2025-01-02T18:01:52,5208,"37.608,-88.5403",D2240,1,26086.33,0
337,U043,17110.66,payment,2025-01-10T18:25:57,5387,"-22.934,113.6786",D4808,4,30863.34,0
338,U042,14076.12,payment,2025-01-19T10:40:33,3726,"-22.4682,-63.461",D4801,4,7916.26,1
339,U022,9488.73,payment,2025-01-01T03:39:19,3642,"53.4053,162.6436",D5348,4,2282.41,0
340,U038,1965.7,transfer,2025-01-09T03:35:13,3993,"-30.1078,-81.6988",D8419,0,5629.32,0
341,U015,9837.4,transfer,2025-01-06T17:51:57,488,"-76.9069,150.706",D2619,3,29966.73,0
342,U021,9474.7,withdrawal,2025-01-02T12:02:10,5657,"-72.0399,-76.4351",D1631,4,4841.08,0
343,U049,3472.31,transfer,2025-01-06T14:05:23,46,"0.5434,33.4265",D6074,0,18862.05,1
344,U015,8682.69,transfer,2025-01-13T00:48:00,3359,"-78.1085,-69.4076",D2093,3,27549.59,0
345,U031,7976.11,withdrawal,2025-01-06T03:44:13,4873,"32.9656,82.8624",D8658,1,19493.77,0
346,U005,12320.84,transfer,2025-01-30T16:21:28,5135,"-82.301,13.7731",D6856,0,8267.82,0
347,U026,12705.52,payment,2025-01-01T03:31:48,4806,"74.8307,98.7306",D6053,2,13762.19,0
348,U018,915.63,payment,2025-01-29T19:41:01,400,"52.1982,-24.5467",D8893,0,46423.04,0
349,U016,7498.51,withdrawal,2025-01-09T18:00:36,3990,"-52.1671,-6.6177",D4790,0,33831.52,0
350,U030,12520.94,withdrawal,2025-01-21T00:18:33,5913,"4.0968,-115.4013",D7983,3,24852.79,1
351,U037,10067.69,withdrawal,2025-01-26T15:04:25,7124,"25.5407,-98.1912",D7960,1,734.47,0
352,U036,17131.23,payment,2025-01-25T10:36:24,3157,"-20.5962,143.3316",D2351,2,49621.53,0
353,U039,13177.29,transfer,2025-01-30T11:50:09,4345,"10.328,84.0839",D4827,4,33605.6,0
354,U005,3267.06,payment,2025-01-23T14:56:38,390,"34.3494,-91.2443",D2264,4,15914.43,0
355,U017,1420.67,withdrawal,2025-01-24T08:42:32,3853,"-56.2227,88.7718",D1688,0,43975.51,0
356,U014,12851.96,transfer,2025-01-16T06:11:21,4430,"63.4924,103.5907",D7312,3,12995.74,0
357,U040,539.96,transfer,2025-01-22T13:03:43,628,"-29.4443,-147.5865",D4701,3,27246.43,0
358,U039,11719.65,payment,2025-01-21T21:45:52,4232,"61.0572,-147.7815",D6514,4,31839.93,0
359,U022,18805.2,withdrawal,2025-01-05T09:41:36,2930,"69.127,-19.0274",D2328,2,11131.06,0
360,U044,11513.73,payment,2025-01-19T01:43:24,6831,"65.3435,-146.5456",D9012,1,48922.02,1
361,U008,7769.52,transfer,2025-01-04T09:21:29,1521,"-73.7949,-107.8275",D9451,2,37434.78,1
362,U014,12869.33,payment,2025-01-12T12:48:48,826,"-29.5441,-113.9494",D7522,1,27934.88,1
363,U013,9170.48,payment,2025-01-06T22:32:47,4822,"-85.9844,174.0945",D4529,4,9111.67,0
364,U018,10916.88,withdrawal,2025-01-16T20:46:21,1500,"3.8964,-17.142",D7892,1,2787.52,0
365,U016,18829.88,withdrawal,2025-01-07T17:36:23,6737,"-85.3238,18.2211",D1452,3,16070.99,0
366,U021,7728.19,transfer,2025-01-19T18:14:45,3294,"75.4613,-73.605",D3311,0,37684.05,0
367,U018,19224.2,payment,2025-01-25T23:52:11,5085,"77.0393,-177.963",D5633,0,13539.63,0
368,U040,18107.96,payment,2025-01-10T09:43:44,2419,"-30.8766,-40.5416",D9838,4,27023.86,1
369,U014,3923.86,payment,2025-01-15T16:20:06,934,"42.9504,139.6254",D7960,3,36424.56,1
370,U013,1396.53,transfer,2025-01-26T02:25:40,3042,"85.6493,-136.1195",D5900,2,5486.39,0
371,U028,2024.55,transfer,2025-01-17T16:04:18,4497,"-72.5556,15.524",D4312,3,34296.37,0
372,U009,374.25,withdrawal,2025-01-22T13:46:53,1466,"49.8592,-84.4608",D9768,0,4684.36,1
373,U037,1897.91,withdrawal,2025-01-29T16:55:14,3561,"-38.6803,5.3721",D1392,0,48259.97,0
374,U014,13663.31,withdrawal,2025-01-19T08:46:13,614,"61.1484,-140.8908",D3642,3,24470.87,0
375,U047,1433.06,payment,2025-01-18T02:21:56,5392,"66.04,76.3178",D8461,3,7618.74,1
376,U033,6386.32,payment,2025-01-27T03:38:11,1182,"-67.1382,44.071",D2489,0,17184.94,0
377,U048,16899.06,withdrawal,2025-01-17T18:27:55,3223,"-55.099,134.1805",D6882,2,20729.48,0
378,U027,475.21,payment,2025-01-20T18:17:11,7138,"45.4803,-27.7009",D6079,4,37933.43,0
379,U036,16291.22,withdrawal,2025-01-15T17:49:17,2667,"-55.9212,65.7942",D9772,4,37196.85,1
380,U007,5644.28,transfer,2025-01-29T03:41:38,6331,"-21.8362,111.9295",D3053,3,30635.83,0
381,U019,2372.11,withdrawal,2025-01-13T13:28:25,5217,"-78.7905,-134.433",D2323,4,5385.94,0
382,U019,13937.78,transfer,2025-01-15T07:34:14,130,"-23.1595,26.1796",D2901,0,7663.31,0
383,U020,12582.57,payment,2025-01-22T13:54:58,6948,"-88.1167,109.9081",D6243,0,4778.47,0
384,U046,17550.67,withdrawal,2025-01-09T06:30:46,5290,"-56.8172,104.3125",D8016,3,28900.92,0
385,U011,14704.07,payment,2025-01-17T21:26:43,2983,"-0.2555,-122.108",D3150,3,43869.21,1
386,U022,16071.58,transfer,2025-01-26T12:46:50,7129,"63.0267,-140.9695",D6160,3,21746.65,0
387,U025,5647.87,transfer,2025-01-01T14:46:46,4278,"-79.7187,41.1954",D5167,2,8126.32,1
388,U023,3557.02,transfer,2025-01-08T05:05:17,7126,"-0.1372,-53.2505",D4441,4,27946.31,0
389,U046,15014.79,payment,2025-01-07T03:18:20,4459,"24.2216,33.5319",D1842,3,40606.44,0
390,U035,16138.63,payment,2025-01-18T16:20:12,38,"42.3949,-124.2907",D4245,1,37111.43,0
391,U022,19810.2,payment,2025-01-05T16:18:56,3959,"86.9283,-117.051",D5713,1,44084.39,0
392,U002,8258.23,payment,2025-01-16T13:52:52,6640,"65.7714,-118.9411",D8094,0,13967.31,0
393,U020,7446.64,transfer,2025-01-18T05:55:08,3587,"-37.5336,160.2461",D3724,4,9778.3,0
394,U031,15530.5,transfer,2025-01-09T23:12:22,5468,"48.9508,57.5117",D9156,3,44002.84,0
395,U025,6822.66,withdrawal,2025-01-05T20:54:53,7125,"-75.9608,-13.0238",D9705,1,32912.26,0
396,U034,18615.84,withdrawal,2025-01-21T12:00:05,920,"69.4276,95.1024",D7895,4,15615.35,0
397,U035,17169.67,payment,2025-01-17T04:40:02,2769,"-13.7967,16.1703",D7664,0,37143.17,1
398,U050,8585.59,transfer,2025-01-29T18:19:21,4111,"-14.8107,-112.5634",D7393,2,40774.41,1
399,U044,15019.91,transfer,2025-01-06T13:47:52,492,"-79.4175,151.1442",D4358,4,30787.41,0
400,U046,15093.31,transfer,2025-01-28T11:25:29,5545,"-18.4142,-29.0955",D6192,4,34425.42,0
401,U006,2071.45,withdrawal,2025-01-22T07:37:13,1131,"-53.9369,-46.8829",D2276,2,18825.47,0
402,U035,18052.03,withdrawal,2025-01-29T13:39:44,7037,"34.3154,-161.0709",D1750,4,26980.91,0
403,U032,10109.99,transfer,2025-01-14T08:36:37,3521,"-42.5478,-62.6315",D7629,0,26255.54,0
404,U046,16530.88,transfer,2025-01-01T22:23:30,310,"7.7239,-71.8538",D7354,0,42417.58,1
405,U039,6407.79,transfer,2025-01-30T01:27:31,738,"4.2877,34.1768",D7585,2,42014.2,0
406,U025,17911.51,withdrawal,2025-01-13T06:40:09,3241,"7.229,105.7878",D2323,3,41650.76,0
407,U039,7790.14,transfer,2025-01-27T21:44:40,545,"-0.3759,60.4121",D5252,1,650.48,1
408,U004,226.64,transfer,2025-01-13T20:46:35,2461,"14.0405,-122.2765",D2102,3,37502.32,0
409,U025,18108.59,payment,2025-01-01T12:44:05,4346,"-4.5707,107.0439",D6625,4,37957.95,1
410,U043,1834.82,payment,2025-01-10T22:21:30,4854,"-65.3044,72.2426",D3282,1,33951.1,0
411,U045,6393.08,withdrawal,2025-01-28T02:10:35,1804,"69.7892,140.4542",D4630,2,37837.61,0
412,U018,19001.74,transfer,2025-01-07T01:49:28,3212,"16.6508,-151.8457",D3981,2,42114.32,0
413,U017,19012.64,transfer,2025-01-01T08:03:47,5393,"88.1962,-101.1319",D6682,1,23568.92,0
414,U015,11473.02,payment,2025-01-01T10:37:43,5727,"8.6256,41.0027",D8067,0,25152.31,1
415,U014,12640.43,withdrawal,2025-01-23T12:12:57,3810,"-85.7831,-87.6673",D8972,1,6323.23,0
416,U005,8974.43,payment,2025-01-03T18:30:41,6010,"-20.3409,139.1324",D7950,4,19330.26,1
417,U032,5871.28,payment,2025-01-26T07:03:33,813,"72.686,-157.4634",D2714,0,32203.92,0
418,U042,6580.0,payment,2025-01-14T19:01:26,4124,"54.6409,-15.5863",D1319,2,39041.95,0
419,U035,13453.64,payment,2025-01-23T06:35:27,5053,"-8.0587,-25.4194",D5454,1,10938.73,0
420,U030,15049.97,transfer,2025-01-21T12:09:54,2032,"46.5441,-8.4414",D5042,3,6977.36,0
421,U005,15833.67,transfer,2025-01-12T04:30:40,4572,"-33.3642,100.0411",D2065,3,33185.8,1
422,U020,15794.47,payment,2025-01-22T16:31:18,4413,"-6.2759,61.6494",D8638,4,193.81,0
423,U009,1833.21,withdrawal,2025-01-23T15:23:25,244,"41.3807,-28.7216",D8899,3,9000.79,0
424,U026,9893.46,withdrawal,2025-01-18T13:43:32,4843,"39.6311,53.9619",D3838,1,1550.66,0
425,U015,1160.6,withdrawal,2025-01-01T16:03:14,4792,"-66.687,54.9748",D3360,1,8427.57,0
426,U015,10995.08,withdrawal,2025-01-27T13:59:21,271,"-35.2001,21.4467",D2477,3,9147.83,0
427,U027,8836.19,payment,2025-01-09T16:15:34,3511,"20.731,-89.4204",D2269,1,19444.91,0
428,U035,17755.21,transfer,2025-01-14T19:21:48,1771,"29.0605,-74.8351",D6001,4,20176.12,1
429,U013,7024.79,withdrawal,2025-01-10T22:51:13,1262,"-18.2239,65.6122",D2042,0,43725.7,0
430,U011,2350.17,payment,2025-01-06T07:44:48,2424,"58.0883,-126.009",D3467,4,25554.47,0
431,U015,2868.4,withdrawal,2025-01-25T11:54:04,4361,"38.0408,77.2529",D3212,4,36197.9,0
432,U032,15232.6,withdrawal,2025-01-22T03:17:01,7069,"-18.9136,29.1571",D1470,1,5296.45,0
433,U025,12368.18,payment,2025-01-29T23:47:49,920,"36.8148,47.2882",D2592,0,11349.39,1
434,U035,2031.44,transfer,2025-01-18T23:52:14,3430,"37.505,77.631",D9220,1,35176.88,0
435,U022,1691.3,transfer,2025-01-06T12:37:51,4435,"56.6995,-45.8071",D4430,2,2734.92,0
436,U041,14022.37,payment,2025-01-12T01:40:58,4484,"-67.92,-161.1434",D4949,1,24381.22,0
437,U041,1464.53,transfer,2025-01-08T13:01:25,2624,"33.4406,143.7801",D8197,1,30008.51,0
438,U032,16438.98,payment,2025-01-17T12:16:41,3760,"57.2904,113.4632",D4142,1,30147.07,0
439,U029,14127.78,payment,2025-01-11T01:42:12,2050,"-52.9285,-80.1842",D1022,0,1244.35,1
440,U009,1636.16,payment,2025-01-10T02:59:37,3500,"-69.2851,-22.8609",D2358,1,16173.19,1
441,U012,1705.91,transfer,2025-01-02T00:38:59,1165,"73.6637,141.6624",D9395,0,31860.88,1
442,U007,19732.93,payment,2025-01-30T21:43:16,375,"8.4306,2.8842",D1858,3,7535.09,0
443,U029,7491.67,withdrawal,2025-01-10T04:05:56,2033,"54.4062,-24.173",D1156,2,34801.24,0
444,U045,7419.14,transfer,2025-01-22T15:14:24,6467,"88.2026,-84.4136",D7373,0,37321.67,0
445,U048,16257.86,transfer,2025-01-13T03:39:58,145,"34.3437,0.8989",D9610,3,49100.26,0
446,U033,18945.5,transfer,2025-01-30T08:36:36,6077,"-77.1644,46.9386",D6653,0,10571.12,1
447,U005,19720.16,transfer,2025-01-12T22:07:49,4388,"50.2687,-168.8769",D1678,0,41274.02,0
448,U037,15070.03,withdrawal,2025-01-09T13:42:04,431,"73.3659,-135.994",D7051,2,26062.8,1
449,U048,7531.43,transfer,2025-01-02T12:01:47,704,"80.6435,140.4401",D8168,4,18735.78,0
450,U026,1679.18,transfer,2025-01-09T03:01:41,7092,"24.846,36.3977",D3184,4,6206.6,0
451,U002,15545.17,payment,2025-01-27T04:55:34,6094,"-53.423,95.0158",D2397,0,36801.73,0
452,U046,11172.5,transfer,2025-01-21T06:34:58,2632,"41.9879,-44.8194",D6339,1,11869.29,0
453,U037,8490.2,withdrawal,2025-01-18T23:11:28,4494,"-59.4636,161.2982",D6365,3,18633.96,0
454,U018,18128.02,withdrawal,2025-01-27T22:58:33,6960,"-15.9975,29.2642",D1945,1,3220.86,1
455,U044,2232.84,withdrawal,2025-01-01T14:37:30,963,"77.2421,-5.1567",D3621,1,40088.21,0
456,U003,9857.58,withdrawal,2025-01-05T20:32:33,2234,"-37.6363,-18.7025",D9864,0,38352.77,0
457,U043,236.96,transfer,2025-01-02T20:57:21,2041,"59.4936,58.9542",D3643,0,36707.43,0
458,U018,9378.53,transfer,2025-01-25T18:39:58,1828,"75.9426,-3.1761",D9745,0,15042.23,1
459,U033,1135.5,withdrawal,2025-01-16T12:44:47,2108,"-58.6729,-12.2032",D2660,0,8756.66,0
460,U046,2385.17,withdrawal,2025-01-06T18:38:07,4068,"76.4669,-175.6179",D6901,4,31913.91,1
461,U019,2359.35,transfer,2025-01-09T21:46:02,938,"-36.7117,26.5428",D7339,0,24858.7,0
462,U020,12987.71,withdrawal,2025-01-26T10:48:55,4805,"21.3305,-4.1216",D4487,4,8994.8,1
463,U015,14923.44,payment,2025-01-03T21:51:21,806,"28.4038,86.3789",D8600,4,34326.97,0
464,U041,11671.54,withdrawal,2025-01-25T22:30:18,1463,"-88.0024,112.3631",D7301,0,49557.21,0
465,U005,19243.83,withdrawal,2025-01-16T05:43:07,5421,"-4.5219,60.4967",D8686,2,37386.26,0
466,U041,7503.66,payment,2025-01-21T22:54:18,3415,"89.2807,46.8408",D5819,3,37025.32,1
467,U014,5721.38,payment,2025-01-23T08:49:10,10,"-2.545,-65.1905",D6663,1,47520.61,0
468,U020,17373.3,transfer,2025-01-14T02:15:23,5181,"17.0678,-120.7384",D1836,4,10226.52,0
469,U011,4479.68,transfer,2025-01-29T03:49:00,1868,"87.9237,-179.0617",D7584,3,28320.94,0
470,U024,19264.82,payment,2025-01-12T17:19:58,6369,"-79.6781,7.5836",D9823,2,48984.37,1
471,U050,252.97,payment,2025-01-15T13:31:13,6707,"21.9994,-75.479",D9735,1,8348.18,0
472,U033,19397.88,transfer,2025-01-21T01:59:07,4867,"-5.4384,170.2348",D4218,1,35042.57,1
473,U019,872.77,withdrawal,2025-01-18T03:27:31,5690,"-47.1353,-120.7765",D1431,4,29331.93,0
474,U018,17823.95,payment,2025-01-30T12:15:47,5703,"-66.8376,128.3913",D5975,0,29365.31,0
475,U046,10558.75,transfer,2025-01-05T21:29:44,5429,"-67.6288,86.3643",D9638,2,34913.76,0
476,U016,19859.37,withdrawal,2025-01-18T12:03:12,884,"49.1399,174.386",D9718,4,46487.88,0
477,U028,1485.19,payment,2025-01-08T02:45:28,3564,"-6.4284,-9.4417",D4136,2,39150.84,0
478,U024,11081.55,withdrawal,2025-01-18T15:56:54,1389,"-44.8771,-87.2893",D6309,0,2901.19,0
479,U042,19386.36,transfer,2025-01-14T23:00:29,3401,"-11.1081,163.8288",D5114,0,42651.13,0
480,U037,10466.73,payment,2025-01-06T06:01:16,4321,"-72.4182,-131.8707",D8122,4,11354.51,0
481,U036,12591.68,withdrawal,2025-01-26T13:18:28,824,"-61.8338,-21.4373",D7511,0,18908.02,0
482,U041,13918.02,payment,2025-01-10T21:33:22,2265,"-87.5653,-40.0751",D9255,3,23140.47,0
483,U020,9096.28,withdrawal,2025-01-18T20:30:40,936,"4.262,-72.5731",D2182,1,24097.21,0
484,U039,12554.89,transfer,2025-01-08T12:25:41,2800,"81.2018,-31.7998",D7825,4,21815.5,0
485,U023,11690.44,transfer,2025-01-29T06:58:02,2553,"5.5036,148.243",D9656,2,46873.93,1
486,U004,18024.15,payment,2025-01-01T09:41:32,6402,"-27.2553,-155.4721",D3272,3,35330.35,1
487,U006,918.47,withdrawal,2025-01-02T23:47:03,6007,"37.1761,-51.871",D4979,4,31595.42,0
488,U008,5626.45,payment,2025-01-04T15:35:15,3845,"-49.2907,64.2343",D1562,0,2587.12,0
489,U030,19008.73,payment,2025-01-06T03:38:17,1796,"27.394,94.4311",D2998,0,45205.28,1
490,U010,17806.37,withdrawal,2025-01-15T11:04:00,53,"84.3434,-152.2432",D5978,0,45478.57,0
491,U041,9118.58,withdrawal,2025-01-07T17:36:34,726,"46.0454,-22.308",D1825,0,39032.63,0
492,U002,12406.45,withdrawal,2025-01-30T07:14:40,2736,"-0.6147,-72.3443",D3339,2,450.76,0
493,U050,5554.85,transfer,2025-01-07T06:16:04,5640,"-58.8978,109.9068",D8407,3,2958.28,0
494,U006,3770.54,payment,2025-01-16T04:25:10,3170,"13.0785,85.3049",D7832,1,11338.66,0
495,U033,9279.33,payment,2025-01-12T13:48:38,5139,"-72.8046,162.4497",D8644,2,6654.34,0
496,U004,7073.51,transfer,2025-01-14T07:04:33,1913,"80.3254,62.6964",D5666,2,20001.92,0
497,U019,11677.29,withdrawal,2025-01-20T19:20:42,5872,"-70.6128,-16.0138",D2364,1,46138.89,1
498,U022,1563.92,transfer,2025-01-17T07:33:29,1596,"40.4647,-133.0711",D7857,1,23655.82,0
499,U035,19488.15,transfer,2025-01-09T12:35:03,1914,"47.1771,47.2979",D7340,0,768.79,0
500,U042,19724.35,transfer,2025-01-17T00:51:16,2466,"52.4273,-95.7932",D3658,2,14209.01,1
